cohort,method,threshold,positives,negatives,tp,fp,fn,tn,abstain,unavailable,precision,recall,abstention_rate
all,jev,0.0,93,155,48,3,45,148,7,36,0.9411764705882353,0.5161290322580645,0.17338709677419356
all,jev,0.05,93,155,48,3,45,148,8,36,0.9411764705882353,0.5161290322580645,0.1774193548387097
all,jev,0.1,93,155,48,3,45,148,8,36,0.9411764705882353,0.5161290322580645,0.1774193548387097
all,jev,0.15,93,155,47,3,46,148,9,36,0.94,0.5053763440860215,0.1814516129032258
all,jev,0.2,93,155,46,3,47,148,10,36,0.9387755102040817,0.4946236559139785,0.18548387096774194
all,jev,0.25,93,155,41,3,52,147,16,36,0.9318181818181818,0.44086021505376344,0.20967741935483872
all,jev,0.3,93,155,39,3,54,147,21,36,0.9285714285714286,0.41935483870967744,0.22983870967741934
all,jev,0.35,93,155,36,2,57,147,25,36,0.9473684210526315,0.3870967741935484,0.24596774193548387
all,jev,0.4,93,155,31,2,62,144,34,36,0.9393939393939394,0.3333333333333333,0.28225806451612906
all,jev,0.45,93,155,30,1,63,143,37,36,0.967741935483871,0.3225806451612903,0.29435483870967744
all,jev,0.5,93,155,25,1,68,143,43,36,0.9615384615384616,0.26881720430107525,0.3185483870967742
all,jev,0.55,93,155,22,1,71,141,48,36,0.9565217391304348,0.23655913978494625,0.3387096774193548
all,jev,0.6,93,155,20,1,73,138,53,36,0.9523809523809523,0.21505376344086022,0.3588709677419355
all,jev,0.65,93,155,20,1,73,136,55,36,0.9523809523809523,0.21505376344086022,0.36693548387096775
all,jev,0.7,93,155,18,1,75,135,58,36,0.9473684210526315,0.1935483870967742,0.3790322580645161
all,jev,0.75,93,155,14,1,79,132,65,36,0.9333333333333333,0.15053763440860216,0.40725806451612906
all,jev,0.8,93,155,13,0,80,129,70,36,1.0,0.13978494623655913,0.4274193548387097
all,jev,0.85,93,155,11,0,82,122,79,36,1.0,0.11827956989247312,0.4637096774193548
all,jev,0.9,93,155,7,0,86,105,100,36,1.0,0.07526881720430108,0.5483870967741935
all,jev,0.95,93,155,5,0,88,91,116,36,1.0,0.053763440860215055,0.6129032258064516
all,jev,1.0,93,155,0,0,93,40,172,36,,0.0,0.8387096774193549
all,label,0.0,93,155,60,154,33,0,0,34,0.2803738317757009,0.6451612903225806,0.13709677419354838
all,label,0.05,93,155,60,130,33,24,0,34,0.3157894736842105,0.6451612903225806,0.13709677419354838
all,label,0.1,93,155,46,93,47,61,0,34,0.33093525179856115,0.4946236559139785,0.13709677419354838
all,label,0.15,93,155,31,62,62,92,0,34,0.3333333333333333,0.3333333333333333,0.13709677419354838
all,label,0.2,93,155,24,52,69,102,0,34,0.3157894736842105,0.25806451612903225,0.13709677419354838
all,label,0.25,93,155,22,36,71,118,0,34,0.3793103448275862,0.23655913978494625,0.13709677419354838
all,label,0.3,93,155,20,26,73,128,0,34,0.43478260869565216,0.21505376344086022,0.13709677419354838
all,label,0.35,93,155,20,22,73,132,0,34,0.47619047619047616,0.21505376344086022,0.13709677419354838
all,label,0.4,93,155,19,18,74,136,0,34,0.5135135135135135,0.20430107526881722,0.13709677419354838
all,label,0.45,93,155,19,15,74,139,0,34,0.5588235294117647,0.20430107526881722,0.13709677419354838
all,label,0.5,93,155,17,12,76,142,0,34,0.5862068965517241,0.1827956989247312,0.13709677419354838
all,label,0.55,93,155,16,8,77,146,0,34,0.6666666666666666,0.17204301075268819,0.13709677419354838
all,label,0.6,93,155,13,6,80,148,0,34,0.6842105263157895,0.13978494623655913,0.13709677419354838
all,label,0.65,93,155,13,5,80,149,0,34,0.7222222222222222,0.13978494623655913,0.13709677419354838
all,label,0.7,93,155,12,3,81,151,0,34,0.8,0.12903225806451613,0.13709677419354838
all,label,0.75,93,155,7,2,86,152,0,34,0.7777777777777778,0.07526881720430108,0.13709677419354838
all,label,0.8,93,155,6,2,87,152,0,34,0.75,0.06451612903225806,0.13709677419354838
all,label,0.85,93,155,6,2,87,152,0,34,0.75,0.06451612903225806,0.13709677419354838
all,label,0.9,93,155,4,0,89,154,0,34,1.0,0.043010752688172046,0.13709677419354838
all,label,0.95,93,155,4,0,89,154,0,34,1.0,0.043010752688172046,0.13709677419354838
all,label,1.0,93,155,4,0,89,154,0,34,1.0,0.043010752688172046,0.13709677419354838
all,cosine,0.0,93,155,60,154,33,0,0,34,0.2803738317757009,0.6451612903225806,0.13709677419354838
all,cosine,0.05,93,155,60,154,33,0,0,34,0.2803738317757009,0.6451612903225806,0.13709677419354838
all,cosine,0.1,93,155,60,154,33,0,0,34,0.2803738317757009,0.6451612903225806,0.13709677419354838
all,cosine,0.15,93,155,60,154,33,0,0,34,0.2803738317757009,0.6451612903225806,0.13709677419354838
all,cosine,0.2,93,155,60,154,33,0,0,34,0.2803738317757009,0.6451612903225806,0.13709677419354838
all,cosine,0.25,93,155,60,154,33,0,0,34,0.2803738317757009,0.6451612903225806,0.13709677419354838
all,cosine,0.3,93,155,60,153,33,1,0,34,0.28169014084507044,0.6451612903225806,0.13709677419354838
all,cosine,0.35,93,155,60,153,33,1,0,34,0.28169014084507044,0.6451612903225806,0.13709677419354838
all,cosine,0.4,93,155,60,152,33,2,0,34,0.2830188679245283,0.6451612903225806,0.13709677419354838
all,cosine,0.45,93,155,59,150,34,4,0,34,0.2822966507177033,0.6344086021505376,0.13709677419354838
all,cosine,0.5,93,155,56,138,37,16,0,34,0.28865979381443296,0.6021505376344086,0.13709677419354838
all,cosine,0.55,93,155,53,129,40,25,0,34,0.29120879120879123,0.5698924731182796,0.13709677419354838
all,cosine,0.6,93,155,51,119,42,35,0,34,0.3,0.5483870967741935,0.13709677419354838
all,cosine,0.65,93,155,48,105,45,49,0,34,0.3137254901960784,0.5161290322580645,0.13709677419354838
all,cosine,0.7,93,155,44,71,49,83,0,34,0.3826086956521739,0.4731182795698925,0.13709677419354838
all,cosine,0.75,93,155,38,38,55,116,0,34,0.5,0.40860215053763443,0.13709677419354838
all,cosine,0.8,93,155,23,15,70,139,0,34,0.6052631578947368,0.24731182795698925,0.13709677419354838
all,cosine,0.85,93,155,10,6,83,148,0,34,0.625,0.10752688172043011,0.13709677419354838
all,cosine,0.9,93,155,0,2,93,152,0,34,0.0,0.0,0.13709677419354838
all,cosine,0.95,93,155,0,2,93,152,0,34,0.0,0.0,0.13709677419354838
all,cosine,1.0,93,155,0,0,93,154,0,34,,0.0,0.13709677419354838
all,union,0.0,93,155,60,154,33,0,0,34,0.2803738317757009,0.6451612903225806,0.13709677419354838
all,union,0.05,93,155,60,154,33,0,0,34,0.2803738317757009,0.6451612903225806,0.13709677419354838
all,union,0.1,93,155,60,154,33,0,0,34,0.2803738317757009,0.6451612903225806,0.13709677419354838
all,union,0.15,93,155,60,154,33,0,0,34,0.2803738317757009,0.6451612903225806,0.13709677419354838
all,union,0.2,93,155,60,154,33,0,0,34,0.2803738317757009,0.6451612903225806,0.13709677419354838
all,union,0.25,93,155,60,154,33,0,0,34,0.2803738317757009,0.6451612903225806,0.13709677419354838
all,union,0.3,93,155,60,154,33,0,0,34,0.2803738317757009,0.6451612903225806,0.13709677419354838
all,union,0.35,93,155,60,154,33,0,0,34,0.2803738317757009,0.6451612903225806,0.13709677419354838
all,union,0.4,93,155,60,154,33,0,0,34,0.2803738317757009,0.6451612903225806,0.13709677419354838
all,union,0.45,93,155,59,154,34,0,0,34,0.27699530516431925,0.6344086021505376,0.13709677419354838
all,union,0.5,93,155,58,144,35,10,0,34,0.2871287128712871,0.6236559139784946,0.13709677419354838
all,union,0.55,93,155,56,134,37,20,0,34,0.29473684210526313,0.6021505376344086,0.13709677419354838
all,union,0.6,93,155,53,123,40,31,0,34,0.30113636363636365,0.5698924731182796,0.13709677419354838
all,union,0.65,93,155,50,108,43,46,0,34,0.31645569620253167,0.5376344086021505,0.13709677419354838
all,union,0.7,93,155,48,72,45,82,0,34,0.4,0.5161290322580645,0.13709677419354838
all,union,0.75,93,155,43,38,50,116,0,34,0.5308641975308642,0.46236559139784944,0.13709677419354838
all,union,0.8,93,155,28,15,65,139,0,34,0.6511627906976745,0.3010752688172043,0.13709677419354838
all,union,0.85,93,155,15,6,78,148,0,34,0.7142857142857143,0.16129032258064516,0.13709677419354838
all,union,0.9,93,155,4,2,89,152,0,34,0.6666666666666666,0.043010752688172046,0.13709677419354838
all,union,0.95,93,155,4,2,89,152,0,34,0.6666666666666666,0.043010752688172046,0.13709677419354838
all,union,1.0,93,155,4,0,89,154,0,34,1.0,0.043010752688172046,0.13709677419354838
all,id-control,0.0,93,155,11,25,82,0,0,212,0.3055555555555556,0.11827956989247312,0.8548387096774194
all,id-control,0.05,93,155,11,0,82,25,0,212,1.0,0.11827956989247312,0.8548387096774194
all,id-control,0.1,93,155,11,0,82,25,0,212,1.0,0.11827956989247312,0.8548387096774194
all,id-control,0.15,93,155,11,0,82,25,0,212,1.0,0.11827956989247312,0.8548387096774194
all,id-control,0.2,93,155,11,0,82,25,0,212,1.0,0.11827956989247312,0.8548387096774194
all,id-control,0.25,93,155,11,0,82,25,0,212,1.0,0.11827956989247312,0.8548387096774194
all,id-control,0.3,93,155,11,0,82,25,0,212,1.0,0.11827956989247312,0.8548387096774194
all,id-control,0.35,93,155,11,0,82,25,0,212,1.0,0.11827956989247312,0.8548387096774194
all,id-control,0.4,93,155,11,0,82,25,0,212,1.0,0.11827956989247312,0.8548387096774194
all,id-control,0.45,93,155,11,0,82,25,0,212,1.0,0.11827956989247312,0.8548387096774194
all,id-control,0.5,93,155,11,0,82,25,0,212,1.0,0.11827956989247312,0.8548387096774194
all,id-control,0.55,93,155,11,0,82,25,0,212,1.0,0.11827956989247312,0.8548387096774194
all,id-control,0.6,93,155,11,0,82,25,0,212,1.0,0.11827956989247312,0.8548387096774194
all,id-control,0.65,93,155,11,0,82,25,0,212,1.0,0.11827956989247312,0.8548387096774194
all,id-control,0.7,93,155,11,0,82,25,0,212,1.0,0.11827956989247312,0.8548387096774194
all,id-control,0.75,93,155,11,0,82,25,0,212,1.0,0.11827956989247312,0.8548387096774194
all,id-control,0.8,93,155,11,0,82,25,0,212,1.0,0.11827956989247312,0.8548387096774194
all,id-control,0.85,93,155,11,0,82,25,0,212,1.0,0.11827956989247312,0.8548387096774194
all,id-control,0.9,93,155,11,0,82,25,0,212,1.0,0.11827956989247312,0.8548387096774194
all,id-control,0.95,93,155,11,0,82,25,0,212,1.0,0.11827956989247312,0.8548387096774194
all,id-control,1.0,93,155,11,0,82,25,0,212,1.0,0.11827956989247312,0.8548387096774194
id-form,jev,0.0,46,114,35,0,11,111,3,9,1.0,0.7608695652173914,0.075
id-form,jev,0.05,46,114,35,0,11,111,4,9,1.0,0.7608695652173914,0.08125
id-form,jev,0.1,46,114,35,0,11,111,4,9,1.0,0.7608695652173914,0.08125
id-form,jev,0.15,46,114,34,0,12,111,5,9,1.0,0.7391304347826086,0.0875
id-form,jev,0.2,46,114,33,0,13,111,6,9,1.0,0.717391304347826,0.09375
id-form,jev,0.25,46,114,30,0,16,110,10,9,1.0,0.6521739130434783,0.11875
id-form,jev,0.3,46,114,28,0,18,110,13,9,1.0,0.6086956521739131,0.1375
id-form,jev,0.35,46,114,26,0,20,110,15,9,1.0,0.5652173913043478,0.15
id-form,jev,0.4,46,114,23,0,23,107,21,9,1.0,0.5,0.1875
id-form,jev,0.45,46,114,23,0,23,106,22,9,1.0,0.5,0.19375
id-form,jev,0.5,46,114,19,0,27,106,26,9,1.0,0.41304347826086957,0.21875
id-form,jev,0.55,46,114,16,0,30,104,31,9,1.0,0.34782608695652173,0.25
id-form,jev,0.6,46,114,16,0,30,102,33,9,1.0,0.34782608695652173,0.2625
id-form,jev,0.65,46,114,16,0,30,100,35,9,1.0,0.34782608695652173,0.275
id-form,jev,0.7,46,114,14,0,32,99,38,9,1.0,0.30434782608695654,0.29375
id-form,jev,0.75,46,114,12,0,34,96,43,9,1.0,0.2608695652173913,0.325
id-form,jev,0.8,46,114,11,0,35,93,47,9,1.0,0.2391304347826087,0.35
id-form,jev,0.85,46,114,9,0,37,86,56,9,1.0,0.1956521739130435,0.40625
id-form,jev,0.9,46,114,7,0,39,70,74,9,1.0,0.15217391304347827,0.51875
id-form,jev,0.95,46,114,5,0,41,58,88,9,1.0,0.10869565217391304,0.60625
id-form,jev,1.0,46,114,0,0,46,19,132,9,,0.0,0.88125
id-form,label,0.0,46,114,39,114,7,0,0,7,0.2549019607843137,0.8478260869565217,0.04375
id-form,label,0.05,46,114,39,91,7,23,0,7,0.3,0.8478260869565217,0.04375
id-form,label,0.1,46,114,25,59,21,55,0,7,0.2976190476190476,0.5434782608695652,0.04375
id-form,label,0.15,46,114,10,33,36,81,0,7,0.23255813953488372,0.21739130434782608,0.04375
id-form,label,0.2,46,114,4,30,42,84,0,7,0.11764705882352941,0.08695652173913043,0.04375
id-form,label,0.25,46,114,2,18,44,96,0,7,0.1,0.043478260869565216,0.04375
id-form,label,0.3,46,114,0,14,46,100,0,7,0.0,0.0,0.04375
id-form,label,0.35,46,114,0,13,46,101,0,7,0.0,0.0,0.04375
id-form,label,0.4,46,114,0,11,46,103,0,7,0.0,0.0,0.04375
id-form,label,0.45,46,114,0,8,46,106,0,7,0.0,0.0,0.04375
id-form,label,0.5,46,114,0,6,46,108,0,7,0.0,0.0,0.04375
id-form,label,0.55,46,114,0,5,46,109,0,7,0.0,0.0,0.04375
id-form,label,0.6,46,114,0,5,46,109,0,7,0.0,0.0,0.04375
id-form,label,0.65,46,114,0,5,46,109,0,7,0.0,0.0,0.04375
id-form,label,0.7,46,114,0,3,46,111,0,7,0.0,0.0,0.04375
id-form,label,0.75,46,114,0,2,46,112,0,7,0.0,0.0,0.04375
id-form,label,0.8,46,114,0,2,46,112,0,7,0.0,0.0,0.04375
id-form,label,0.85,46,114,0,2,46,112,0,7,0.0,0.0,0.04375
id-form,label,0.9,46,114,0,0,46,114,0,7,,0.0,0.04375
id-form,label,0.95,46,114,0,0,46,114,0,7,,0.0,0.04375
id-form,label,1.0,46,114,0,0,46,114,0,7,,0.0,0.04375
id-form,cosine,0.0,46,114,39,114,7,0,0,7,0.2549019607843137,0.8478260869565217,0.04375
id-form,cosine,0.05,46,114,39,114,7,0,0,7,0.2549019607843137,0.8478260869565217,0.04375
id-form,cosine,0.1,46,114,39,114,7,0,0,7,0.2549019607843137,0.8478260869565217,0.04375
id-form,cosine,0.15,46,114,39,114,7,0,0,7,0.2549019607843137,0.8478260869565217,0.04375
id-form,cosine,0.2,46,114,39,114,7,0,0,7,0.2549019607843137,0.8478260869565217,0.04375
id-form,cosine,0.25,46,114,39,114,7,0,0,7,0.2549019607843137,0.8478260869565217,0.04375
id-form,cosine,0.3,46,114,39,114,7,0,0,7,0.2549019607843137,0.8478260869565217,0.04375
id-form,cosine,0.35,46,114,39,114,7,0,0,7,0.2549019607843137,0.8478260869565217,0.04375
id-form,cosine,0.4,46,114,39,113,7,1,0,7,0.2565789473684211,0.8478260869565217,0.04375
id-form,cosine,0.45,46,114,39,113,7,1,0,7,0.2565789473684211,0.8478260869565217,0.04375
id-form,cosine,0.5,46,114,38,111,8,3,0,7,0.2550335570469799,0.8260869565217391,0.04375
id-form,cosine,0.55,46,114,36,111,10,3,0,7,0.24489795918367346,0.782608695652174,0.04375
id-form,cosine,0.6,46,114,35,111,11,3,0,7,0.23972602739726026,0.7608695652173914,0.04375
id-form,cosine,0.65,46,114,33,102,13,12,0,7,0.24444444444444444,0.717391304347826,0.04375
id-form,cosine,0.7,46,114,31,70,15,44,0,7,0.3069306930693069,0.6739130434782609,0.04375
id-form,cosine,0.75,46,114,27,38,19,76,0,7,0.4153846153846154,0.5869565217391305,0.04375
id-form,cosine,0.8,46,114,19,15,27,99,0,7,0.5588235294117647,0.41304347826086957,0.04375
id-form,cosine,0.85,46,114,8,6,38,108,0,7,0.5714285714285714,0.17391304347826086,0.04375
id-form,cosine,0.9,46,114,0,2,46,112,0,7,0.0,0.0,0.04375
id-form,cosine,0.95,46,114,0,2,46,112,0,7,0.0,0.0,0.04375
id-form,cosine,1.0,46,114,0,0,46,114,0,7,,0.0,0.04375
id-form,union,0.0,46,114,39,114,7,0,0,7,0.2549019607843137,0.8478260869565217,0.04375
id-form,union,0.05,46,114,39,114,7,0,0,7,0.2549019607843137,0.8478260869565217,0.04375
id-form,union,0.1,46,114,39,114,7,0,0,7,0.2549019607843137,0.8478260869565217,0.04375
id-form,union,0.15,46,114,39,114,7,0,0,7,0.2549019607843137,0.8478260869565217,0.04375
id-form,union,0.2,46,114,39,114,7,0,0,7,0.2549019607843137,0.8478260869565217,0.04375
id-form,union,0.25,46,114,39,114,7,0,0,7,0.2549019607843137,0.8478260869565217,0.04375
id-form,union,0.3,46,114,39,114,7,0,0,7,0.2549019607843137,0.8478260869565217,0.04375
id-form,union,0.35,46,114,39,114,7,0,0,7,0.2549019607843137,0.8478260869565217,0.04375
id-form,union,0.4,46,114,39,114,7,0,0,7,0.2549019607843137,0.8478260869565217,0.04375
id-form,union,0.45,46,114,39,114,7,0,0,7,0.2549019607843137,0.8478260869565217,0.04375
id-form,union,0.5,46,114,38,114,8,0,0,7,0.25,0.8260869565217391,0.04375
id-form,union,0.55,46,114,36,114,10,0,0,7,0.24,0.782608695652174,0.04375
id-form,union,0.6,46,114,35,114,11,0,0,7,0.2348993288590604,0.7608695652173914,0.04375
id-form,union,0.65,46,114,33,105,13,9,0,7,0.2391304347826087,0.717391304347826,0.04375
id-form,union,0.7,46,114,31,71,15,43,0,7,0.30392156862745096,0.6739130434782609,0.04375
id-form,union,0.75,46,114,27,38,19,76,0,7,0.4153846153846154,0.5869565217391305,0.04375
id-form,union,0.8,46,114,19,15,27,99,0,7,0.5588235294117647,0.41304347826086957,0.04375
id-form,union,0.85,46,114,8,6,38,108,0,7,0.5714285714285714,0.17391304347826086,0.04375
id-form,union,0.9,46,114,0,2,46,112,0,7,0.0,0.0,0.04375
id-form,union,0.95,46,114,0,2,46,112,0,7,0.0,0.0,0.04375
id-form,union,1.0,46,114,0,0,46,114,0,7,,0.0,0.04375
id-form,id-control,0.0,46,114,11,25,35,0,0,124,0.3055555555555556,0.2391304347826087,0.775
id-form,id-control,0.05,46,114,11,0,35,25,0,124,1.0,0.2391304347826087,0.775
id-form,id-control,0.1,46,114,11,0,35,25,0,124,1.0,0.2391304347826087,0.775
id-form,id-control,0.15,46,114,11,0,35,25,0,124,1.0,0.2391304347826087,0.775
id-form,id-control,0.2,46,114,11,0,35,25,0,124,1.0,0.2391304347826087,0.775
id-form,id-control,0.25,46,114,11,0,35,25,0,124,1.0,0.2391304347826087,0.775
id-form,id-control,0.3,46,114,11,0,35,25,0,124,1.0,0.2391304347826087,0.775
id-form,id-control,0.35,46,114,11,0,35,25,0,124,1.0,0.2391304347826087,0.775
id-form,id-control,0.4,46,114,11,0,35,25,0,124,1.0,0.2391304347826087,0.775
id-form,id-control,0.45,46,114,11,0,35,25,0,124,1.0,0.2391304347826087,0.775
id-form,id-control,0.5,46,114,11,0,35,25,0,124,1.0,0.2391304347826087,0.775
id-form,id-control,0.55,46,114,11,0,35,25,0,124,1.0,0.2391304347826087,0.775
id-form,id-control,0.6,46,114,11,0,35,25,0,124,1.0,0.2391304347826087,0.775
id-form,id-control,0.65,46,114,11,0,35,25,0,124,1.0,0.2391304347826087,0.775
id-form,id-control,0.7,46,114,11,0,35,25,0,124,1.0,0.2391304347826087,0.775
id-form,id-control,0.75,46,114,11,0,35,25,0,124,1.0,0.2391304347826087,0.775
id-form,id-control,0.8,46,114,11,0,35,25,0,124,1.0,0.2391304347826087,0.775
id-form,id-control,0.85,46,114,11,0,35,25,0,124,1.0,0.2391304347826087,0.775
id-form,id-control,0.9,46,114,11,0,35,25,0,124,1.0,0.2391304347826087,0.775
id-form,id-control,0.95,46,114,11,0,35,25,0,124,1.0,0.2391304347826087,0.775
id-form,id-control,1.0,46,114,11,0,35,25,0,124,1.0,0.2391304347826087,0.775
semantic,jev,0.0,47,41,13,3,34,37,4,27,0.8125,0.2765957446808511,0.3522727272727273
semantic,jev,0.05,47,41,13,3,34,37,4,27,0.8125,0.2765957446808511,0.3522727272727273
semantic,jev,0.1,47,41,13,3,34,37,4,27,0.8125,0.2765957446808511,0.3522727272727273
semantic,jev,0.15,47,41,13,3,34,37,4,27,0.8125,0.2765957446808511,0.3522727272727273
semantic,jev,0.2,47,41,13,3,34,37,4,27,0.8125,0.2765957446808511,0.3522727272727273
semantic,jev,0.25,47,41,11,3,36,37,6,27,0.7857142857142857,0.23404255319148937,0.375
semantic,jev,0.3,47,41,11,3,36,37,8,27,0.7857142857142857,0.23404255319148937,0.3977272727272727
semantic,jev,0.35,47,41,10,2,37,37,10,27,0.8333333333333334,0.2127659574468085,0.42045454545454547
semantic,jev,0.4,47,41,8,2,39,37,13,27,0.8,0.1702127659574468,0.45454545454545453
semantic,jev,0.45,47,41,7,1,40,37,15,27,0.875,0.14893617021276595,0.4772727272727273
semantic,jev,0.5,47,41,6,1,41,37,17,27,0.8571428571428571,0.1276595744680851,0.5
semantic,jev,0.55,47,41,6,1,41,37,17,27,0.8571428571428571,0.1276595744680851,0.5
semantic,jev,0.6,47,41,4,1,43,36,20,27,0.8,0.0851063829787234,0.5340909090909091
semantic,jev,0.65,47,41,4,1,43,36,20,27,0.8,0.0851063829787234,0.5340909090909091
semantic,jev,0.7,47,41,4,1,43,36,20,27,0.8,0.0851063829787234,0.5340909090909091
semantic,jev,0.75,47,41,2,1,45,36,22,27,0.6666666666666666,0.0425531914893617,0.5568181818181818
semantic,jev,0.8,47,41,2,0,45,36,23,27,1.0,0.0425531914893617,0.5681818181818182
semantic,jev,0.85,47,41,2,0,45,36,23,27,1.0,0.0425531914893617,0.5681818181818182
semantic,jev,0.9,47,41,0,0,47,35,26,27,,0.0,0.6022727272727273
semantic,jev,0.95,47,41,0,0,47,33,28,27,,0.0,0.625
semantic,jev,1.0,47,41,0,0,47,21,40,27,,0.0,0.7613636363636364
semantic,label,0.0,47,41,21,40,26,0,0,27,0.3442622950819672,0.44680851063829785,0.3068181818181818
semantic,label,0.05,47,41,21,39,26,1,0,27,0.35,0.44680851063829785,0.3068181818181818
semantic,label,0.1,47,41,21,34,26,6,0,27,0.38181818181818183,0.44680851063829785,0.3068181818181818
semantic,label,0.15,47,41,21,29,26,11,0,27,0.42,0.44680851063829785,0.3068181818181818
semantic,label,0.2,47,41,20,22,27,18,0,27,0.47619047619047616,0.425531914893617,0.3068181818181818
semantic,label,0.25,47,41,20,18,27,22,0,27,0.5263157894736842,0.425531914893617,0.3068181818181818
semantic,label,0.3,47,41,20,12,27,28,0,27,0.625,0.425531914893617,0.3068181818181818
semantic,label,0.35,47,41,20,9,27,31,0,27,0.6896551724137931,0.425531914893617,0.3068181818181818
semantic,label,0.4,47,41,19,7,28,33,0,27,0.7307692307692307,0.40425531914893614,0.3068181818181818
semantic,label,0.45,47,41,19,7,28,33,0,27,0.7307692307692307,0.40425531914893614,0.3068181818181818
semantic,label,0.5,47,41,17,6,30,34,0,27,0.7391304347826086,0.3617021276595745,0.3068181818181818
semantic,label,0.55,47,41,16,3,31,37,0,27,0.8421052631578947,0.3404255319148936,0.3068181818181818
semantic,label,0.6,47,41,13,1,34,39,0,27,0.9285714285714286,0.2765957446808511,0.3068181818181818
semantic,label,0.65,47,41,13,0,34,40,0,27,1.0,0.2765957446808511,0.3068181818181818
semantic,label,0.7,47,41,12,0,35,40,0,27,1.0,0.2553191489361702,0.3068181818181818
semantic,label,0.75,47,41,7,0,40,40,0,27,1.0,0.14893617021276595,0.3068181818181818
semantic,label,0.8,47,41,6,0,41,40,0,27,1.0,0.1276595744680851,0.3068181818181818
semantic,label,0.85,47,41,6,0,41,40,0,27,1.0,0.1276595744680851,0.3068181818181818
semantic,label,0.9,47,41,4,0,43,40,0,27,1.0,0.0851063829787234,0.3068181818181818
semantic,label,0.95,47,41,4,0,43,40,0,27,1.0,0.0851063829787234,0.3068181818181818
semantic,label,1.0,47,41,4,0,43,40,0,27,1.0,0.0851063829787234,0.3068181818181818
semantic,cosine,0.0,47,41,21,40,26,0,0,27,0.3442622950819672,0.44680851063829785,0.3068181818181818
semantic,cosine,0.05,47,41,21,40,26,0,0,27,0.3442622950819672,0.44680851063829785,0.3068181818181818
semantic,cosine,0.1,47,41,21,40,26,0,0,27,0.3442622950819672,0.44680851063829785,0.3068181818181818
semantic,cosine,0.15,47,41,21,40,26,0,0,27,0.3442622950819672,0.44680851063829785,0.3068181818181818
semantic,cosine,0.2,47,41,21,40,26,0,0,27,0.3442622950819672,0.44680851063829785,0.3068181818181818
semantic,cosine,0.25,47,41,21,40,26,0,0,27,0.3442622950819672,0.44680851063829785,0.3068181818181818
semantic,cosine,0.3,47,41,21,39,26,1,0,27,0.35,0.44680851063829785,0.3068181818181818
semantic,cosine,0.35,47,41,21,39,26,1,0,27,0.35,0.44680851063829785,0.3068181818181818
semantic,cosine,0.4,47,41,21,39,26,1,0,27,0.35,0.44680851063829785,0.3068181818181818
semantic,cosine,0.45,47,41,20,37,27,3,0,27,0.3508771929824561,0.425531914893617,0.3068181818181818
semantic,cosine,0.5,47,41,18,27,29,13,0,27,0.4,0.3829787234042553,0.3068181818181818
semantic,cosine,0.55,47,41,17,18,30,22,0,27,0.4857142857142857,0.3617021276595745,0.3068181818181818
semantic,cosine,0.6,47,41,16,8,31,32,0,27,0.6666666666666666,0.3404255319148936,0.3068181818181818
semantic,cosine,0.65,47,41,15,3,32,37,0,27,0.8333333333333334,0.3191489361702128,0.3068181818181818
semantic,cosine,0.7,47,41,13,1,34,39,0,27,0.9285714285714286,0.2765957446808511,0.3068181818181818
semantic,cosine,0.75,47,41,11,0,36,40,0,27,1.0,0.23404255319148937,0.3068181818181818
semantic,cosine,0.8,47,41,4,0,43,40,0,27,1.0,0.0851063829787234,0.3068181818181818
semantic,cosine,0.85,47,41,2,0,45,40,0,27,1.0,0.0425531914893617,0.3068181818181818
semantic,cosine,0.9,47,41,0,0,47,40,0,27,,0.0,0.3068181818181818
semantic,cosine,0.95,47,41,0,0,47,40,0,27,,0.0,0.3068181818181818
semantic,cosine,1.0,47,41,0,0,47,40,0,27,,0.0,0.3068181818181818
semantic,union,0.0,47,41,21,40,26,0,0,27,0.3442622950819672,0.44680851063829785,0.3068181818181818
semantic,union,0.05,47,41,21,40,26,0,0,27,0.3442622950819672,0.44680851063829785,0.3068181818181818
semantic,union,0.1,47,41,21,40,26,0,0,27,0.3442622950819672,0.44680851063829785,0.3068181818181818
semantic,union,0.15,47,41,21,40,26,0,0,27,0.3442622950819672,0.44680851063829785,0.3068181818181818
semantic,union,0.2,47,41,21,40,26,0,0,27,0.3442622950819672,0.44680851063829785,0.3068181818181818
semantic,union,0.25,47,41,21,40,26,0,0,27,0.3442622950819672,0.44680851063829785,0.3068181818181818
semantic,union,0.3,47,41,21,40,26,0,0,27,0.3442622950819672,0.44680851063829785,0.3068181818181818
semantic,union,0.35,47,41,21,40,26,0,0,27,0.3442622950819672,0.44680851063829785,0.3068181818181818
semantic,union,0.4,47,41,21,40,26,0,0,27,0.3442622950819672,0.44680851063829785,0.3068181818181818
semantic,union,0.45,47,41,20,40,27,0,0,27,0.3333333333333333,0.425531914893617,0.3068181818181818
semantic,union,0.5,47,41,20,30,27,10,0,27,0.4,0.425531914893617,0.3068181818181818
semantic,union,0.55,47,41,20,20,27,20,0,27,0.5,0.425531914893617,0.3068181818181818
semantic,union,0.6,47,41,18,9,29,31,0,27,0.6666666666666666,0.3829787234042553,0.3068181818181818
semantic,union,0.65,47,41,17,3,30,37,0,27,0.85,0.3617021276595745,0.3068181818181818
semantic,union,0.7,47,41,17,1,30,39,0,27,0.9444444444444444,0.3617021276595745,0.3068181818181818
semantic,union,0.75,47,41,16,0,31,40,0,27,1.0,0.3404255319148936,0.3068181818181818
semantic,union,0.8,47,41,9,0,38,40,0,27,1.0,0.19148936170212766,0.3068181818181818
semantic,union,0.85,47,41,7,0,40,40,0,27,1.0,0.14893617021276595,0.3068181818181818
semantic,union,0.9,47,41,4,0,43,40,0,27,1.0,0.0851063829787234,0.3068181818181818
semantic,union,0.95,47,41,4,0,43,40,0,27,1.0,0.0851063829787234,0.3068181818181818
semantic,union,1.0,47,41,4,0,43,40,0,27,1.0,0.0851063829787234,0.3068181818181818
semantic,id-control,0.0,47,41,0,0,47,0,0,88,,0.0,1.0
semantic,id-control,0.05,47,41,0,0,47,0,0,88,,0.0,1.0
semantic,id-control,0.1,47,41,0,0,47,0,0,88,,0.0,1.0
semantic,id-control,0.15,47,41,0,0,47,0,0,88,,0.0,1.0
semantic,id-control,0.2,47,41,0,0,47,0,0,88,,0.0,1.0
semantic,id-control,0.25,47,41,0,0,47,0,0,88,,0.0,1.0
semantic,id-control,0.3,47,41,0,0,47,0,0,88,,0.0,1.0
semantic,id-control,0.35,47,41,0,0,47,0,0,88,,0.0,1.0
semantic,id-control,0.4,47,41,0,0,47,0,0,88,,0.0,1.0
semantic,id-control,0.45,47,41,0,0,47,0,0,88,,0.0,1.0
semantic,id-control,0.5,47,41,0,0,47,0,0,88,,0.0,1.0
semantic,id-control,0.55,47,41,0,0,47,0,0,88,,0.0,1.0
semantic,id-control,0.6,47,41,0,0,47,0,0,88,,0.0,1.0
semantic,id-control,0.65,47,41,0,0,47,0,0,88,,0.0,1.0
semantic,id-control,0.7,47,41,0,0,47,0,0,88,,0.0,1.0
semantic,id-control,0.75,47,41,0,0,47,0,0,88,,0.0,1.0
semantic,id-control,0.8,47,41,0,0,47,0,0,88,,0.0,1.0
semantic,id-control,0.85,47,41,0,0,47,0,0,88,,0.0,1.0
semantic,id-control,0.9,47,41,0,0,47,0,0,88,,0.0,1.0
semantic,id-control,0.95,47,41,0,0,47,0,0,88,,0.0,1.0
semantic,id-control,1.0,47,41,0,0,47,0,0,88,,0.0,1.0
held-out,jev,0.0,88,150,44,3,44,144,7,34,0.9361702127659575,0.5,0.1722689075630252
held-out,jev,0.05,88,150,44,3,44,144,8,34,0.9361702127659575,0.5,0.17647058823529413
held-out,jev,0.1,88,150,44,3,44,144,8,34,0.9361702127659575,0.5,0.17647058823529413
held-out,jev,0.15,88,150,43,3,45,144,9,34,0.9347826086956522,0.48863636363636365,0.18067226890756302
held-out,jev,0.2,88,150,42,3,46,144,10,34,0.9333333333333333,0.4772727272727273,0.18487394957983194
held-out,jev,0.25,88,150,37,3,51,143,16,34,0.925,0.42045454545454547,0.21008403361344538
held-out,jev,0.3,88,150,35,3,53,143,21,34,0.9210526315789473,0.3977272727272727,0.23109243697478993
held-out,jev,0.35,88,150,32,2,56,143,25,34,0.9411764705882353,0.36363636363636365,0.24789915966386555
held-out,jev,0.4,88,150,27,2,61,140,34,34,0.9310344827586207,0.3068181818181818,0.2857142857142857
held-out,jev,0.45,88,150,26,1,62,139,37,34,0.9629629629629629,0.29545454545454547,0.29831932773109243
held-out,jev,0.5,88,150,21,1,67,139,43,34,0.9545454545454546,0.23863636363636365,0.3235294117647059
held-out,jev,0.55,88,150,18,1,70,137,48,34,0.9473684210526315,0.20454545454545456,0.3445378151260504
held-out,jev,0.6,88,150,17,1,71,134,52,34,0.9444444444444444,0.19318181818181818,0.36134453781512604
held-out,jev,0.65,88,150,17,1,71,132,54,34,0.9444444444444444,0.19318181818181818,0.3697478991596639
held-out,jev,0.7,88,150,15,1,73,131,57,34,0.9375,0.17045454545454544,0.38235294117647056
held-out,jev,0.75,88,150,11,1,77,128,64,34,0.9166666666666666,0.125,0.4117647058823529
held-out,jev,0.8,88,150,10,0,78,125,69,34,1.0,0.11363636363636363,0.4327731092436975
held-out,jev,0.85,88,150,8,0,80,118,78,34,1.0,0.09090909090909091,0.47058823529411764
held-out,jev,0.9,88,150,5,0,83,101,98,34,1.0,0.056818181818181816,0.5546218487394958
held-out,jev,0.95,88,150,3,0,85,87,114,34,1.0,0.03409090909090909,0.6218487394957983
held-out,jev,1.0,88,150,0,0,88,38,166,34,,0.0,0.8403361344537815
held-out,label,0.0,88,150,55,149,33,0,0,34,0.2696078431372549,0.625,0.14285714285714285
held-out,label,0.05,88,150,55,125,33,24,0,34,0.3055555555555556,0.625,0.14285714285714285
held-out,label,0.1,88,150,42,89,46,60,0,34,0.32061068702290074,0.4772727272727273,0.14285714285714285
held-out,label,0.15,88,150,27,58,61,91,0,34,0.3176470588235294,0.3068181818181818,0.14285714285714285
held-out,label,0.2,88,150,21,48,67,101,0,34,0.30434782608695654,0.23863636363636365,0.14285714285714285
held-out,label,0.25,88,150,20,33,68,116,0,34,0.37735849056603776,0.22727272727272727,0.14285714285714285
held-out,label,0.3,88,150,18,24,70,125,0,34,0.42857142857142855,0.20454545454545456,0.14285714285714285
held-out,label,0.35,88,150,18,20,70,129,0,34,0.47368421052631576,0.20454545454545456,0.14285714285714285
held-out,label,0.4,88,150,17,16,71,133,0,34,0.5151515151515151,0.19318181818181818,0.14285714285714285
held-out,label,0.45,88,150,17,13,71,136,0,34,0.5666666666666667,0.19318181818181818,0.14285714285714285
held-out,label,0.5,88,150,15,10,73,139,0,34,0.6,0.17045454545454544,0.14285714285714285
held-out,label,0.55,88,150,14,6,74,143,0,34,0.7,0.1590909090909091,0.14285714285714285
held-out,label,0.6,88,150,11,5,77,144,0,34,0.6875,0.125,0.14285714285714285
held-out,label,0.65,88,150,11,4,77,145,0,34,0.7333333333333333,0.125,0.14285714285714285
held-out,label,0.7,88,150,10,3,78,146,0,34,0.7692307692307693,0.11363636363636363,0.14285714285714285
held-out,label,0.75,88,150,6,2,82,147,0,34,0.75,0.06818181818181818,0.14285714285714285
held-out,label,0.8,88,150,5,2,83,147,0,34,0.7142857142857143,0.056818181818181816,0.14285714285714285
held-out,label,0.85,88,150,5,2,83,147,0,34,0.7142857142857143,0.056818181818181816,0.14285714285714285
held-out,label,0.9,88,150,3,0,85,149,0,34,1.0,0.03409090909090909,0.14285714285714285
held-out,label,0.95,88,150,3,0,85,149,0,34,1.0,0.03409090909090909,0.14285714285714285
held-out,label,1.0,88,150,3,0,85,149,0,34,1.0,0.03409090909090909,0.14285714285714285
held-out,cosine,0.0,88,150,55,149,33,0,0,34,0.2696078431372549,0.625,0.14285714285714285
held-out,cosine,0.05,88,150,55,149,33,0,0,34,0.2696078431372549,0.625,0.14285714285714285
held-out,cosine,0.1,88,150,55,149,33,0,0,34,0.2696078431372549,0.625,0.14285714285714285
held-out,cosine,0.15,88,150,55,149,33,0,0,34,0.2696078431372549,0.625,0.14285714285714285
held-out,cosine,0.2,88,150,55,149,33,0,0,34,0.2696078431372549,0.625,0.14285714285714285
held-out,cosine,0.25,88,150,55,149,33,0,0,34,0.2696078431372549,0.625,0.14285714285714285
held-out,cosine,0.3,88,150,55,148,33,1,0,34,0.270935960591133,0.625,0.14285714285714285
held-out,cosine,0.35,88,150,55,148,33,1,0,34,0.270935960591133,0.625,0.14285714285714285
held-out,cosine,0.4,88,150,55,147,33,2,0,34,0.2722772277227723,0.625,0.14285714285714285
held-out,cosine,0.45,88,150,54,146,34,3,0,34,0.27,0.6136363636363636,0.14285714285714285
held-out,cosine,0.5,88,150,51,135,37,14,0,34,0.27419354838709675,0.5795454545454546,0.14285714285714285
held-out,cosine,0.55,88,150,48,127,40,22,0,34,0.2742857142857143,0.5454545454545454,0.14285714285714285
held-out,cosine,0.6,88,150,46,117,42,32,0,34,0.2822085889570552,0.5227272727272727,0.14285714285714285
held-out,cosine,0.65,88,150,43,103,45,46,0,34,0.2945205479452055,0.48863636363636365,0.14285714285714285
held-out,cosine,0.7,88,150,40,69,48,80,0,34,0.3669724770642202,0.45454545454545453,0.14285714285714285
held-out,cosine,0.75,88,150,35,37,53,112,0,34,0.4861111111111111,0.3977272727272727,0.14285714285714285
held-out,cosine,0.8,88,150,22,14,66,135,0,34,0.6111111111111112,0.25,0.14285714285714285
held-out,cosine,0.85,88,150,10,6,78,143,0,34,0.625,0.11363636363636363,0.14285714285714285
held-out,cosine,0.9,88,150,0,2,88,147,0,34,0.0,0.0,0.14285714285714285
held-out,cosine,0.95,88,150,0,2,88,147,0,34,0.0,0.0,0.14285714285714285
held-out,cosine,1.0,88,150,0,0,88,149,0,34,,0.0,0.14285714285714285
held-out,union,0.0,88,150,55,149,33,0,0,34,0.2696078431372549,0.625,0.14285714285714285
held-out,union,0.05,88,150,55,149,33,0,0,34,0.2696078431372549,0.625,0.14285714285714285
held-out,union,0.1,88,150,55,149,33,0,0,34,0.2696078431372549,0.625,0.14285714285714285
held-out,union,0.15,88,150,55,149,33,0,0,34,0.2696078431372549,0.625,0.14285714285714285
held-out,union,0.2,88,150,55,149,33,0,0,34,0.2696078431372549,0.625,0.14285714285714285
held-out,union,0.25,88,150,55,149,33,0,0,34,0.2696078431372549,0.625,0.14285714285714285
held-out,union,0.3,88,150,55,149,33,0,0,34,0.2696078431372549,0.625,0.14285714285714285
held-out,union,0.35,88,150,55,149,33,0,0,34,0.2696078431372549,0.625,0.14285714285714285
held-out,union,0.4,88,150,55,149,33,0,0,34,0.2696078431372549,0.625,0.14285714285714285
held-out,union,0.45,88,150,54,149,34,0,0,34,0.2660098522167488,0.6136363636363636,0.14285714285714285
held-out,union,0.5,88,150,53,139,35,10,0,34,0.2760416666666667,0.6022727272727273,0.14285714285714285
held-out,union,0.55,88,150,51,130,37,19,0,34,0.281767955801105,0.5795454545454546,0.14285714285714285
held-out,union,0.6,88,150,48,120,40,29,0,34,0.2857142857142857,0.5454545454545454,0.14285714285714285
held-out,union,0.65,88,150,45,105,43,44,0,34,0.3,0.5113636363636364,0.14285714285714285
held-out,union,0.7,88,150,43,70,45,79,0,34,0.3805309734513274,0.48863636363636365,0.14285714285714285
held-out,union,0.75,88,150,39,37,49,112,0,34,0.5131578947368421,0.4431818181818182,0.14285714285714285
held-out,union,0.8,88,150,26,14,62,135,0,34,0.65,0.29545454545454547,0.14285714285714285
held-out,union,0.85,88,150,14,6,74,143,0,34,0.7,0.1590909090909091,0.14285714285714285
held-out,union,0.9,88,150,3,2,85,147,0,34,0.6,0.03409090909090909,0.14285714285714285
held-out,union,0.95,88,150,3,2,85,147,0,34,0.6,0.03409090909090909,0.14285714285714285
held-out,union,1.0,88,150,3,0,85,149,0,34,1.0,0.03409090909090909,0.14285714285714285
held-out,id-control,0.0,88,150,10,25,78,0,0,203,0.2857142857142857,0.11363636363636363,0.8529411764705882
held-out,id-control,0.05,88,150,10,0,78,25,0,203,1.0,0.11363636363636363,0.8529411764705882
held-out,id-control,0.1,88,150,10,0,78,25,0,203,1.0,0.11363636363636363,0.8529411764705882
held-out,id-control,0.15,88,150,10,0,78,25,0,203,1.0,0.11363636363636363,0.8529411764705882
held-out,id-control,0.2,88,150,10,0,78,25,0,203,1.0,0.11363636363636363,0.8529411764705882
held-out,id-control,0.25,88,150,10,0,78,25,0,203,1.0,0.11363636363636363,0.8529411764705882
held-out,id-control,0.3,88,150,10,0,78,25,0,203,1.0,0.11363636363636363,0.8529411764705882
held-out,id-control,0.35,88,150,10,0,78,25,0,203,1.0,0.11363636363636363,0.8529411764705882
held-out,id-control,0.4,88,150,10,0,78,25,0,203,1.0,0.11363636363636363,0.8529411764705882
held-out,id-control,0.45,88,150,10,0,78,25,0,203,1.0,0.11363636363636363,0.8529411764705882
held-out,id-control,0.5,88,150,10,0,78,25,0,203,1.0,0.11363636363636363,0.8529411764705882
held-out,id-control,0.55,88,150,10,0,78,25,0,203,1.0,0.11363636363636363,0.8529411764705882
held-out,id-control,0.6,88,150,10,0,78,25,0,203,1.0,0.11363636363636363,0.8529411764705882
held-out,id-control,0.65,88,150,10,0,78,25,0,203,1.0,0.11363636363636363,0.8529411764705882
held-out,id-control,0.7,88,150,10,0,78,25,0,203,1.0,0.11363636363636363,0.8529411764705882
held-out,id-control,0.75,88,150,10,0,78,25,0,203,1.0,0.11363636363636363,0.8529411764705882
held-out,id-control,0.8,88,150,10,0,78,25,0,203,1.0,0.11363636363636363,0.8529411764705882
held-out,id-control,0.85,88,150,10,0,78,25,0,203,1.0,0.11363636363636363,0.8529411764705882
held-out,id-control,0.9,88,150,10,0,78,25,0,203,1.0,0.11363636363636363,0.8529411764705882
held-out,id-control,0.95,88,150,10,0,78,25,0,203,1.0,0.11363636363636363,0.8529411764705882
held-out,id-control,1.0,88,150,10,0,78,25,0,203,1.0,0.11363636363636363,0.8529411764705882
